Date,Ticker,V3Score,Entry Price,Buzz,Twitter,Reddit,Market Cap,Short Interest,Past week 7d%,Sector,Exit Price (7d),7d %,Exit Price (30d),30d %,,,,,,,,,,,,,
2025-11-19,INTA,65,$40.40,MODERATE,26,0,MID,3.90%,0.50%,Technology,$42.60,5.45%,,,,,,,,,,,,,,,
2025-11-19,GOOD,65,$10.81,MODERATE,18,1,SMALL,5.00%,-0.70%,Real Estate,$11.02,1.94%,,,,,,,,,,,,,,,
2025-11-19,NAD,65,$11.94,MODERATE,21,0,MID,0.10%,0.30%,Financial Services,$11.96,0.17%,,,,,,,,,,,,,,,
2025-11-19,SHC,60,$15.69,MODERATE,27,0,MID,4.60%,-0.30%,Healthcare,$17.44,11.15%,,,7d Win Rate %,7d Average Return %,S&P 7d %,,,,,,,,,,
2025-11-19,RDNT,60,$80.01,MODERATE,23,0,MID,10.40%,-1.00%,Healthcare,$82.79,3.48%,,,100.00%,4.44%,2.57%,,,,,,,,,,
Date,Ticker,V3Score,Entry Price,Buzz,Twitter,Reddit,Market Cap,Short Interest,Past week 7d%,Sector,Exit Price (7d),7d %,Exit Price (30d),30d %,,,,,,,,,,,,,
2025-11-20,SA,65,$24.37,MODERATE,25,0,MID,6.20%,1.60%,Basic Materials,$26.89,10.35%,,,,,,,,,,,,,,,
2025-11-20,AHR,65,$49.88,MODERATE,26,0,MID,2.30%,1.40%,Real Estate,$50.50,1.24%,,,,,,,,,,,,,,,
2025-11-20,DNP,60,$10.11,MODERATE,21,0,MID,0.10%,-1.00%,Financial Services,$10.38,2.17%,,,,,,,,,,,,,,,
2025-11-20,FER,60,$63.03,MODERATE,24,0,LARGE,0.20%,-0.80%,Industrials,$66.96,6.24%,,,7d Win Rate %,7d Average Return %,S&P 7d %,,,,,,,,,,
2025-11-20,SYRE,60,$23.79,MODERATE,20,0,SMALL,19.30%,1.90%,Healthcare,$30.00,26.14%,,,100.00%,9.23%,4.19%,,,,,,,,,,
Date,Ticker,V3Score,Entry Price,Buzz,Twitter,Reddit,Market Cap,Short Interest,Past week 7d%,Sector,Exit Price (7d),7d %,Exit Price (30d),30d %,,,,,,,,,,,,,
2025-11-21,AHR,80,$48.20,MODERATE,26,0,MID,2.30%,0.70%,Real Estate,$50.88,5.56%,,,,,,,,,,,,,,,
2025-11-21,WING,65,$244.89,MODERATE,23,1,MID,14.10%,1.50%,Consumer Cyclical,$264.73,8.09%,,,,,,,,,,,,,,,
2025-11-21,FSK,65,$15.69,MODERATE,21,0,MID,1.70%,0.20%,Financial Services,$16.10,2.61%,,,,,,,,,,,,,,,
2025-11-21,DECK,65,$85.82,MODERATE,27,0,LARGE,4.60%,1.70%,Consumer Cyclical,$88.03,2.58%,,,7d Win Rate %,7d Average Return %,S&P 7d %,,,,,,,,,,
2025-11-21,TAK,63,$14.33,MODERATE,18,0,LARGE,0.30%,1.70%,Healthcare,$14.42,0.63%,,,100.00%,3.89%,3.73%,,,,,,,,,,
Date,Ticker,V3Score,Entry Price,Buzz,Twitter,Reddit,Market Cap,Short Interest,Past week 7d%,Sector,Exit Price (7d),7d %,Exit Price (30d),30d %,,,,,,,,,,,,,
2025-11-24,NEA,75,$11.34,MODERATE,28,0,MID,0.11%,-1.40%,Utilities,$11.49,1.32%,,,,,,,,,,,,,,,
2025-11-24,META,73,$613.05,MODERATE,20,8,MEGA,1.39%,0.50%,Communication Services,$640.87,4.54%,,,,,,,,,,,,,,,
2025-11-24,INTU,70,$652.23,MODERATE,23,0,MEGA,1.89%,0.50%,Technology,$631.32,-3.21%,,,,,,,,,,,,,,,
2025-11-24,PONY,68,$12.59,MODERATE,22,0,MID,12.42%,-1.40%,Consumer Cyclical,$14.15,12.40%,,,7d Win Rate %,7d Average Return %,S&P 7d %,,,,,,,,,,
2025-11-24,STAA,68,$26.54,MODERATE,23,0,SMALL,12.94%,-2.00%,Technology,$25.91,-2.37%,,,60.00%,2.54%,1.60%,,,,,,,,,,
Date,Ticker,V3Score,Entry Price,Buzz,Twitter,Reddit,Market Cap,Short Interest,Past week 7d%,Sector,Exit Price (7d),7d %,Exit Price (30d),30d %,,,,,,,,,,,,,
2025-11-25,DAY,75,$69.07,MODERATE,18,9,LARGE,5.65%,0.10%,Technology,$69.18,0.16%,,,,,,,,,,,,,,,
2025-11-25,VTR,65,$79.46,MODERATE,22,0,LARGE,3.34%,1.90%,Real Estate,$80.09,0.79%,,,,,,,,,,,,,,,
2025-11-25,BCE,65,$23.07,MODERATE,23,0,LARGE,0.00%,1.10%,Communication Services,$23.36,1.26%,,,,,,,,,,,,,,,
2025-11-25,UNM,65,$77.00,MODERATE,21,0,LARGE,2.09%,0.00%,Financial Services,$74.30,-3.51%,,,7d Win Rate %,7d Average Return %,S&P 7d %,,,,,,,,,,
2025-11-25,AGNC,63,$10.32,MODERATE,17,0,LARGE,5.63%,1.70%,Financial Services,$10.46,1.36%,,,80.00%,0.01%,0.94%,,,,,,,,,,
Date,Ticker,V3Score,Entry Price,Buzz,Twitter,Reddit,Market Cap,Short Interest,Past week 7d%,Sector,Exit Price (7d),7d %,Exit Price (30d),30d %,,,,,,,,,,,,,
2025-11-26,HLN,65,$9.74,MODERATE,27,0,LARGE,0.23%,0.70%,Healthcare,$9.74,0.00%,,,,,,,,,,,,,,,
2025-11-26,RDY,65,$13.98,MODERATE,21,0,LARGE,1.88%,0.10%,Healthcare,$14.13,1.07%,,,,,,,,,,,,,,,
2025-11-26,ORC,60,$7.26,MODERATE,22,0,SMALL,6.67%,1.20%,Financial Services,$7.34,1.10%,,,,,,,,,,,,,,,
2025-11-26,MIAX,60,$46.24,MODERATE,23,0,MID,2.85%,-1.20%,Financial Services,$44.73,-3.27%,,,7d Win Rate %,7d Average Return %,S&P 7d %,,,,,,,,,,
2025-11-26,NAD,60,$11.95,MODERATE,26,0,MID,0.11%,-0.40%,Financial Services,$12.13,1.51%,,,80.00%,0.08%,0.54%,,,,,,,,,,
Date,Ticker,V3Score,Entry Price,Buzz,Twitter,Reddit,Market Cap,Short Interest,Past week 7d%,Sector,Exit Price (7d),7d %,Exit Price (30d),30d %,,,,,,,,,,,,,
2025-11-27,LOGI,73,$112.73,MODERATE,27,0,LARGE,3.10%,0.90%,Technology,$119.12,5.67%,,,,,,,,,,,,,,,
2025-11-27,GEN,65,$26.24,MODERATE,24,0,LARGE,4.00%,0.40%,Technology,$27.06,3.12%,,,,,,,,,,,,,,,
2025-11-27,CBOE,65,$258.12,MODERATE,20,0,LARGE,3.00%,0.10%,Financial Services,$254.92,-1.24%,,,,,,,,,,,,,,,
2025-11-27,ELVN,63,$21.71,MODERATE,27,0,SMALL,18.70%,-0.20%,Healthcare,$21.40,-1.43%,,,7d Win Rate %,7d Average Return %,S&P 7d %,,,,,,,,,,
2025-11-27,AOS,63,$66.33,MODERATE,21,0,MID,4.80%,4.80%,Industrials,$67.02,1.04%,,,60.00%,1.08%,0.12%,,,,,,,,,,
Date,Ticker,V3Score,Entry Price,Buzz,Twitter,Reddit,Market Cap,Short Interest,Past week 7d%,Sector,BB,ATR,Vol Trend,RSI,52w from high,Exit Price (7d),7d %,Exit Price (30d),30d %,7d Win Rate %,7d Average Return %,S&P 7d %,,Control Group Ticker,Entry Price,Exit Price (7d),7d %
2025-12-01,ICL,65,$5.55,MODERATE,23,0,MID,0.27%,1.40%,Basic Materials,0.43,2.20%,0.67,43,-24.40%,$5.10,-8.11%,,,80.00%,7.03%,0.50%,,AZN,$90.67,$90.88,0.23%
2025-12-01,TERN,65,$27.12,MODERATE,20,0,MID,10.57%,0.00%,Healthcare,0.71,7.00%,0.38,75,-8.10%,$40.23,48.35%,,,,,,,RCI,$38.88,$36.55,-5.99%
2025-12-01,PLYM,63,$21.92,MODERATE,21,0,SMALL,3.08%,-1.10%,Real Estate,0.17,1.20%,3.32,46,-3.60%,$21.80,-0.55%,,,,,,,NMRK,$17.31,$17.04,-1.56%
2025-12-01,FOXA,55,$66.42,MODERATE,24,0,LARGE,11.63%,2.50%,Communication Services,0.84,2.00%,0.86,49,-1.20%,$69.21,4.20%,,,,,,,VIAV,$17.73,$18.59,4.85%
2025-12-01,KBR,55,$41.91,MODERATE,20,0,MID,4.12%,3.50%,Industrials,0.61,2.30%,0.97,46,-31.00%,$43.61,4.05%,,,,,,,HQY,$101.59,$92.09,-9.36%
2025-12-01,ACHR,55,$7.50,MODERATE,17,0,MID,17.77%,0.30%,Industrials,0.33,7.80%,0.38,39,-48.70%,$8.61,14.80%,,,,,,,,,,
2025-12-01,VTR,55,$80.61,MODERATE,19,0,LARGE,3.34%,0.80%,Real Estate,0.82,1.30%,0.9,83,-0.50%,$81.00,0.48%,,,,,,,,,,
2025-12-01,AOS,55,$66.30,MODERATE,25,0,MID,3.33%,4.20%,Industrials,0.74,2.10%,1.09,51,-13.40%,$67.15,1.28%,,,,,,,,,,
2025-12-01,ASB,53,$25.71,MODERATE,19,0,MID,2.92%,4.00%,Financial Services,0.64,2.50%,0.9,51,-5.60%,$26.12,1.59%,,,,,,,,,,
2025-12-01,SXC,50,$6.51,MODERATE,20,0,SMALL,7.30%,2.10%,Basic Materials,0.42,3.30%,0.66,40,-45.70%,$6.85,5.23%,,,,,,,,,,
Date,Ticker,V3Score,Entry Price,Buzz,Twitter,Reddit,Market Cap,Short Interest,Past week 7d%,Sector,BB,ATR,Vol Trend,RSI,52w from high,Exit Price (7d),7d %,Exit Price (30d),30d %,7d Win Rate %,7d Average Return %,S&P 7d %,,Control Group,Entry Price,Exit Price (7d),7d %
2025-12-02,OKTA,70,$82.01,MODERATE,26,1,LARGE,4.1%,+4.7%,Technology,0.45,2.80%,1.47,36,-35.7%,$87.79,7.04%,,,60.00%,1.13%,0.16%,,SNDK,$206.01,$219.40,6.49%
2025-12-02,AKRO,65,$54.47,MODERATE,25,0,MID,5.4%,+0.5%,Healthcare,0.87,0.20%,0.74,66,-6.7%,$54.65,0.33%,,,,,,,TLRY,$7.77,$8.09,4.11%
2025-12-02,TRIN,60,$14.55,MODERATE,20,0,SMALL,2.2%,+1.9%,Financial Services,0.40,1.60%,0.61,38,-8.9%,15.17,4.26%,,,,,,,RAMP,$29.57,$29.48,-0.30%
2025-12-02,AOS,55,$66.04,MODERATE,20,0,MID,3.3%,+4.4%,Industrials,0.68,2.10%,1.03,51,-13.7%,$66.43,0.59%,,,,,,,AMT,$175.89,$179.55,2.08%
2025-12-02,DLB,55,$66.54,MODERATE,15,0,MID,6.5%,+1.6%,Industrials,0.64,2.20%,0.68,54,-24.8%,$67.49,1.43%,,,,,,,VCYT,$46.54,$43.84,-5.80%
2025-12-02,BCE,55,$23.26,MODERATE,16,0,LARGE,0.0%,+1.4%,Communication Services,0.68,1.80%,0.58,47,-9.4%,$23.15,-0.47%,,,,,,,,,,
2025-12-02,EPC,55,$16.85,MODERATE,24,0,SMALL,9.7%,-1.0%,Consumer Defensive,0.11,4.60%,0.69,33,-55.4%,$16.42,-2.55%,,,,,,,,,,
2025-12-02,MO,55,$58.60,MODERATE,22,0,MEGA,2.4%,+0.7%,Consumer Defensive,0.69,1.40%,0.70,51,-13.2%,$58.26,-0.58%,,,,,,,,,,
2025-12-02,PDI,55,$18.07,MODERATE,22,0,MID,0.0%,+3.5%,Financial Services,0.62,1.10%,0.66,45,-7.3%,$17.99,-0.44%,,,,,,,,,,
2025-12-02,UTI,50,$24.09,MODERATE,25,0,SMALL,4.4%,+2.7%,Consumer Defensive,0.29,6.00%,1.06,28,-33.7%,$24.49,1.66%,,,,,,,,,,
Date,Ticker,V3Score,Entry Price,Buzz,Twitter,Reddit,Market Cap,Short Interest,Past week 7d%,Sector,BB,ATR,Vol Trend,RSI,52w from high,Exit Price (7d),7d %,Exit Price (30d),30d %,7d Win Rate %,7d Average Return %,S&P 7d %,,Control Group,Entry Price,Exit Price (7d),7d %
2025-12-03,POST,75,$100.75,MODERATE,23,7,MID,8.4%,+1.3%,Consumer Defensive,0.26,3.30%,1.01,39,-19.9%,$96.65,-4.06%,,,70.00%,0.99%,0.54%,,LQDA,$33.44,$32.64,-2.39%
2025-12-03,ATR,65,$123.48,MODERATE,28,0,MID,2.2%,+1.6%,Healthcare,0.81,2.00%,0.61,65,-28.2%,$117.17,-5.11%,,,,,,,AQST,$6.16,$6.23,1.14%
2025-12-03,URI,55,$810.41,MODERATE,22,0,MEGA,3.1%,+1.3%,Industrials,0.40,2.70%,0.74,34,-20.5%,$813.59,0.39%,,,,,,,CSCO,$77.55,$80.25,3.48%
2025-12-03,MFC,55,$34.97,MODERATE,23,0,MEGA,0.0%,+1.2%,Financial Services,0.76,1.90%,0.52,56,-1.8%,$35.49,1.49%,,,,,,,PRTA,$11.45,$9.87,-13.78%
2025-12-03,RITM,55,$11.43,MODERATE,27,0,MID,1.6%,+3.6%,Real Estate,0.81,1.70%,0.70,56,-8.3%,$11.21,-1.93%,,,,,,,MMC,$183.77,$180.93,-1.55%
2025-12-03,COO,55,$76.36,MODERATE,17,0,LARGE,3.6%,+1.2%,Healthcare,0.73,2.60%,1.17,64,-28.4%,$80.74,5.73%,,,,,,,,,,
2025-12-03,MRP,55,$31.91,MODERATE,23,0,MID,7.2%,+4.6%,Real Estate,0.78,3.50%,1.00,50,-9.4%,$32.14,0.72%,,,,,,,,,,
2025-12-03,GOOD,55,$10.78,MODERATE,25,0,SMALL,5.7%,-0.3%,Real Estate,0.34,2.00%,0.61,38,-33.1%,$10.79,0.09%,,,,,,,,,,
2025-12-03,TAP,55,$46.40,MODERATE,15,0,MID,12.3%,+0.6%,Consumer Defensive,0.58,2.30%,0.60,53,-26.9%,$46.89,1.06%,,,,,,,,,,
2025-12-03,AHH,50,$6.48,MODERATE,23,0,SMALL,3.3%,+3.4%,Real Estate,0.72,2.60%,1.14,59,-37.1%,$6.90,6.48%,,,,,,,,,,
Date,Ticker,V3Score,Entry Price,Buzz,Twitter,Reddit,Market Cap,Short Interest,Past week 7d%,Sector,BB,ATR,Vol Trend,RSI,52w from high,Exit Price (7d),7d %,Exit Price (30d),30d %,7d Win Rate %,7d Average Return %,S&P 7d %,,Control Group,Entry Price,Exit Price (7d),7d %
2025-12-04,IRT,65,$16.81,MODERATE,25,0,MID,8.6%,+0.1%,Real Estate,0.57,1.9%,0.74,58,-21.0%,$17.01,1.19%,,,50.00%,-0.54%,0.64%,,CIM,$12.84,$12.91,0.55%
2025-12-04,PNR,65,$105.42,MODERATE,21,0,LARGE,2.6%,+1.3%,Industrials,0.51,2.2%,0.80,45,-7.3%,$105.89,0.45%,,,,,,,KLIC,$48.49,$49.11,1.28%
2025-12-04,EH,60,$14.27,MODERATE,21,0,SMALL,11.0%,+0.8%,Industrials,0.38,4.5%,0.73,33,-52.1%,$13.98,-2.03%,,,,,,,PTRN,$15.35,$12.75,-16.94%
2025-12-04,RAMP,60,$28.97,MODERATE,26,0,SMALL,5.3%,+0.9%,Technology,0.40,2.9%,0.65,41,-19.7%,$30.30,4.53%,,,,,,,AIP,$16.33,$19.67,20.45%
2025-12-04,PTY,60,$13.20,MODERATE,20,0,MID,0.0%,-0.1%,Financial Services,0.42,1.1%,0.79,41,-8.6%,$12.98,-1.67%,,,,,,,ACHC,$14.51,$14.45,-0.41%
2025-12-04,SEIC,55,$81.24,MODERATE,23,0,LARGE,1.9%,+2.4%,Financial Services,0.56,1.8%,0.65,44,-13.5%,$83.39,2.65%,,,,,,,,,,
2025-12-04,AHR,55,$50.37,MODERATE,25,0,MID,1.8%,+3.2%,Real Estate,0.79,2.4%,0.53,65,-1.3%,$46.70,-7.29%,,,,,,,,,,
2025-12-04,TU,55,$13.40,MODERATE,23,0,LARGE,0.0%,+3.3%,Communication Services,0.38,2.3%,1.08,25,-19.9%,$12.77,-4.70%,,,,,,,,,,
2025-12-04,XRAY,65,$11.28,MODERATE,24,0,MID,7.5%,+1.8%,Healthcare,0.74,2.9%,0.63,64,-43.4%,$11.60,2.85%,,,,,,,,,,
2025-12-04,DE,50,$482.65,MODERATE,25,0,MEGA,1.6%,-0.9%,Industrials,0.69,2.4%,0.79,55,-9.0%,$475.95,-1.39%,,,,,,,,,,
Date,Ticker,V3Score,Entry Price,Buzz,Twitter,Reddit,Market Cap,Short Interest,Past week 7d%,Sector,BB,ATR,Vol Trend,RSI,52w from high,Exit Price (7d),7d %,Exit Price (30d),30d %,7d Win Rate %,7d Average Return %,S&P 7d %,,Control Group,Entry Price,Exit Price (7d),7d %
2025-12-05,MAS,68,$63.22,MODERATE,27,0,LARGE,4.3%,-0.2%,Industrials,0.62,2.5%,0.96,61,-21.6%,$63.94,1.14%,,,100.00%,4.88%,-0.63%,,ACLX,$68.34,$71.86,5.15%
2025-12-05,CIEN,65,$198.85,MODERATE,23,0,LARGE,6.7%,+1.3%,Technology,0.58,5.6%,0.65,55,-7.2%,$218.44,9.85%,,,,,,,SEMR,$11.85,$11.87,0.17%
2025-12-05,XRAY,65,$11.28,MODERATE,24,0,MID,7.5%,+1.8%,Healthcare,0.74,2.9%,0.63,64,-43.4%,$11.57,2.57%,,,,,,,PSKY,$13.41,$13.74,2.46%
2025-12-05,AVNT,65,$30.86,MODERATE,24,0,MID,2.2%,+1.9%,Basic Materials,0.78,3.1%,0.74,61,-37.9%,$30.96,0.32%,,,,,,,DNA,$9.20,$9.34,1.52%
2025-12-05,CALM,65,$84.46,MODERATE,21,0,MID,10.3%,+0.7%,Consumer Defensive,0.34,2.7%,1.30,31,-30.6%,$86.89,2.88%,,,,,,,JBI,$6.12,$6.81,11.27%
2025-12-05,OLMA,65,$26.54,MODERATE,28,0,MID,15.0%,+1.8%,Healthcare,0.71,13.6%,0.26,87,-10.1%,$33.05,24.54%,,,,,,,,,,
2025-12-05,RPM,60,$105.43,MODERATE,22,0,LARGE,1.9%,-1.7%,Basic Materials,0.45,2.0%,1.02,45,-22.9%,$107.22,1.70%,,,,,,,,,,
2025-12-05,NUE,55,$160.16,MODERATE,20,0,LARGE,2.4%,+2.5%,Basic Materials,0.76,2.5%,1.04,75,-3.7%,$165.11,3.09%,,,,,,,,,,
2025-12-05,STWD,55,$18.32,MODERATE,19,0,MID,3.6%,+0.3%,Real Estate,0.74,1.4%,0.83,63,-10.8%,$18.43,0.60%,,,,,,,,,,
2025-12-05,YMM,55,$11.52,MODERATE,21,0,LARGE,3.0%,+5.0%,Technology,0.51,3.8%,0.61,39,-18.2%,$11.76,2.08%,,,,,,,,,,
Date,Ticker,V3Score,Entry Price,Buzz,Twitter,Reddit,Market Cap,Short Interest,Past week 7d%,Sector,BB,ATR,Vol Trend,RSI,52w from high,Exit Price (7d),7d %,Exit Price (30d),30d %,7d Win Rate %,7d Average Return %,S&P 7d %,,Control Group,Entry Price,Exit Price (7d),7d %
2025-12-08,PRO,75,$23.25,MODERATE,20,0,SMALL,10.7%,+0.1%,Technology,0.83,0.2%,2.50,66,-22.1%,$23.25,0.00%,,,70.00%,0.89%,-0.44%,,LGN,$48.89,$40.80,-16.55%
2025-12-08,NICE,68,$104.78,MODERATE,24,0,MID,3.0%,-0.4%,Technology,0.34,4.3%,0.60,29,-45.8%,$105.92,1.09%,,,,,,,COST,$886.76,$860.56,-2.96%
2025-12-08,PAGS,65,$10.07,MODERATE,22,0,MID,11.4%,+0.8%,Technology,0.61,5.2%,0.87,57,-9.7%,$10.02,-0.50%,,,,,,,BLDR,$107.24,$104.66,-2.41%
2025-12-08,SKM,65,$20.28,MODERATE,22,0,MID,0.5%,+0.3%,Communication Services,0.64,1.2%,0.69,55,-14.8%,$20.34,0.30%,,,,,,,LMT,$463.00,$484.62,4.67%
2025-12-08,STWD,65,$18.32,MODERATE,22,0,MID,3.6%,+0.0%,Real Estate,0.75,1.4%,0.76,69,-10.8%,$18.51,1.04%,,,,,,,SAP,$243.63,$244.69,0.44%
2025-12-08,DAY,65,$69.03,MODERATE,20,0,LARGE,5.7%,+0.0%,Technology,0.60,0.2%,1.45,62,-13.3%,$69.29,0.38%,,,,,,,,,,
2025-12-08,APG,60,$39.02,MODERATE,21,0,LARGE,3.2%,-0.5%,Industrials,0.74,2.2%,0.49,64,-1.6%,$39.31,0.74%,,,,,,,,,,
2025-12-08,OHI,60,$45.74,MODERATE,23,0,LARGE,4.8%,-0.2%,Real Estate,0.72,1.6%,0.76,70,-1.3%,$44.54,-2.62%,,,,,,,,,,
2025-12-08,TWI,58,$8.45,MODERATE,24,0,SMALL,10.9%,+3.4%,Industrials,0.89,4.0%,0.86,69,-22.8%,$8.20,-2.96%,,,,,,,,,,
2025-12-08,WPP,55,$19.97,MODERATE,18,0,MID,1.0%,+1.9%,Communication Services,0.67,3.7%,0.91,47,-63.0%,$22.26,11.46%,,,,,,,,,,